Sample	MAG	smORF	Length
M24	Aegir_M24_B10	BPIAAOIK_33_20	41
M24	Aegir_M24_B101	OAGAJOKM_21_2	20
M24	Aegir_M24_B102	CLDLOCKN_20_28	17
M24	Aegir_M24_B108	JDJMJEBK_160_1	34
M24	Aegir_M24_B108	JDJMJEBK_91_31	41
M24	Aegir_M24_B108	JDJMJEBK_126_3	31
M24	Aegir_M24_B110	NLMDFIEA_365_8	34
M24	Aegir_M24_B110	NLMDFIEA_264_40	25
M24	Aegir_M24_B111	PIANMFAJ_178_2	22
M24	Aegir_M24_B115	FBCILAEC_311_1	44
M24	Aegir_M24_B116	LFICFLKJ_179_2	45
M24	Aegir_M24_B116	LFICFLKJ_70_19	39
M24	Aegir_M24_B118	FAKNGFII_286_15	36
M24	Aegir_M24_B118	FAKNGFII_173_3	46
M24	Aegir_M24_B119	DEJCOLOP_35_3	34
M24	Aegir_M24_B119	DEJCOLOP_140_2	32
M24	Aegir_M24_B12	AMEDOMHJ_240_4	25
M24	Aegir_M24_B121	JDPIOGND_12_43	55
M24	Aegir_M24_B123	FHGAEOEJ_19_55	24
M24	Aegir_M24_B127	DHLFLHGA_687_6	27
M24	Aegir_M24_B127	DHLFLHGA_40_1	33
M24	Aegir_M24_B127	DHLFLHGA_671_3	36
M24	Aegir_M24_B127	DHLFLHGA_706_1	35
M24	Aegir_M24_B129	NPEJHEFM_40_5	39
M24	Aegir_M24_B129	NPEJHEFM_245_4	43
M24	Aegir_M24_B130	KOFGBFOK_86_5	36
M24	Aegir_M24_B130	KOFGBFOK_149_7	41
M24	Aegir_M24_B14	ANCDLGFE_9_6	34
M24	Aegir_M24_B15	LJPEBJAM_137_1	26
M24	Aegir_M24_B15	LJPEBJAM_187_9	26
M24	Aegir_M24_B17	JECBHHKC_163_2	25
M24	Aegir_M24_B19	FPDLEAHF_15_3	37
M24	Aegir_M24_B21	LHGLAGHD_6_47	42
M24	Aegir_M24_B22	BBBCDLJB_456_9	34
M24	Aegir_M24_B24	FPPHCGEG_33_6	33
M24	Aegir_M24_B25	GCPKHDHJ_83_1	33
M24	Aegir_M24_B26	BLIMOGOC_130_30	28
M24	Aegir_M24_B27	MGMOCMNP_104_4	39
M24	Aegir_M24_B27	MGMOCMNP_352_10	51
M24	Aegir_M24_B29	IMEAMOFF_109_4	31
M24	Aegir_M24_B29	IMEAMOFF_65_38	27
M24	Aegir_M24_B29	IMEAMOFF_65_8	38
M24	Aegir_M24_B3	CKOFCMJB_774_6	35
M24	Aegir_M24_B30	PJACAEJC_217_1	37
M24	Aegir_M24_B31	LKIEJCHL_455_5	28
M24	Aegir_M24_B32	CGGEEMNC_101_11	31
M24	Aegir_M24_B32	CGGEEMNC_506_8	31
M24	Aegir_M24_B32	CGGEEMNC_290_9	31
M24	Aegir_M24_B32	CGGEEMNC_293_3	28
M24	Aegir_M24_B32	CGGEEMNC_525_3	33
M24	Aegir_M24_B34	OINKMAKN_13_57	18
M24	Aegir_M24_B35	OAFPEDIB_12_79	24
M24	Aegir_M24_B36	CFEKOEEO_124_2	43
M24	Aegir_M24_B37	FGBPHCAI_72_17	40
M24	Aegir_M24_B37	FGBPHCAI_21_16	33
M24	Aegir_M24_B37	FGBPHCAI_30_60	36
M24	Aegir_M24_B37	FGBPHCAI_57_34	38
M24	Aegir_M24_B37	FGBPHCAI_57_45	60
M24	Aegir_M24_B37	FGBPHCAI_87_37	45
M24	Aegir_M24_B38	BMKALGPG_1050_1	28
M24	Aegir_M24_B38	BMKALGPG_1031_4	34
M24	Aegir_M24_B38	BMKALGPG_115_5	32
M24	Aegir_M24_B39	PINHJFLC_508_5	37
M24	Aegir_M24_B39	PINHJFLC_167_1	26
M24	Aegir_M24_B39	PINHJFLC_811_1	28
M24	Aegir_M24_B39	PINHJFLC_638_1	31
M24	Aegir_M24_B40	ADFKEOCB_70_1	22
M24	Aegir_M24_B41	AOLGDHFD_212_11	41
M24	Aegir_M24_B42	BCGFPKJE_44_7	44
M24	Aegir_M24_B42	BCGFPKJE_39_1	38
M24	Aegir_M24_B45	DPHDEEHI_52_2	35
M24	Aegir_M24_B46	GPNBCOBB_395_7	42
M24	Aegir_M24_B47	MFJGAAJL_28_15	66
M24	Aegir_M24_B5	HPFIMPEI_29_9	23
M24	Aegir_M24_B51	CLBBIEOL_24_3	36
M24	Aegir_M24_B52	JLMBNEBE_87_10	29
M24	Aegir_M24_B54	DONGBMFP_677_6	41
M24	Aegir_M24_B55	BKMJBOJD_137_19	33
M24	Aegir_M24_B56	DBCHONDG_295_6	41
M24	Aegir_M24_B56	DBCHONDG_144_3	34
M24	Aegir_M24_B58	GNKANFNI_17_14	35
M24	Aegir_M24_B58	GNKANFNI_31_10	29
M24	Aegir_M24_B58	GNKANFNI_55_6	42
M24	Aegir_M24_B58	GNKANFNI_95_11	39
M24	Aegir_M24_B59	ECACJCPL_140_6	33
M24	Aegir_M24_B59	ECACJCPL_81_21	31
M24	Aegir_M24_B59	ECACJCPL_208_8	30
M24	Aegir_M24_B59	ECACJCPL_167_10	38
M24	Aegir_M24_B6	KKNDCODD_308_9	35
M24	Aegir_M24_B6	KKNDCODD_182_1	26
M24	Aegir_M24_B6	KKNDCODD_100_6	30
M24	Aegir_M24_B6	KKNDCODD_310_3	46
M24	Aegir_M24_B61	JFGKALPH_53_9	27
M24	Aegir_M24_B61	JFGKALPH_415_7	35
M24	Aegir_M24_B62	OOCMFLME_58_17	24
M24	Aegir_M24_B63	EMAKPJIN_100_1	38
M24	Aegir_M24_B65	HEPNEEPN_374_1	57
M24	Aegir_M24_B67	DHIBOGDD_169_1	32
M24	Aegir_M24_B67	DHIBOGDD_272_33	35
M24	Aegir_M24_B7	LKKEPBNP_148_14	42
M24	Aegir_M24_B7	LKKEPBNP_155_29	30
M24	Aegir_M24_B71	GIIHCCLI_153_4	43
M24	Aegir_M24_B72	AMCEHCFD_139_45	37
M24	Aegir_M24_B74	MLCBNMHP_99_1	43
M24	Aegir_M24_B75	NCJJNLBN_15_8	32
M24	Aegir_M24_B75	NCJJNLBN_63_47	36
M24	Aegir_M24_B76	HJAPGIAM_58_1	20
M24	Aegir_M24_B77	OLKFNNDA_52_10	23
M24	Aegir_M24_B78	PPLLNGHE_295_7	36
M24	Aegir_M24_B79	MGENFGIA_106_67	22
M24	Aegir_M24_B81	LKBPNCKB_240_1	34
M24	Aegir_M24_B81	LKBPNCKB_34_27	30
M24	Aegir_M24_B81	LKBPNCKB_222_3	42
M24	Aegir_M24_B81	LKBPNCKB_104_21	40
M24	Aegir_M24_B81	LKBPNCKB_239_9	38
M24	Aegir_M24_B81	LKBPNCKB_1_3	35
M24	Aegir_M24_B81	LKBPNCKB_107_1	46
M24	Aegir_M24_B81	LKBPNCKB_239_10	29
M24	Aegir_M24_B81	LKBPNCKB_36_29	31
M24	Aegir_M24_B82	NBGFJMAC_104_20	29
M24	Aegir_M24_B85	NDABMHGF_582_8	39
M24	Aegir_M24_B86	FFEJCLNM_464_1	28
M24	Aegir_M24_B87	NNENBOCK_43_57	25
M24	Aegir_M24_B87	NNENBOCK_130_46	48
M24	Aegir_M24_B87	NNENBOCK_77_7	25
M24	Aegir_M24_B88	OBCMDBHP_88_6	39
M24	Aegir_M24_B88	OBCMDBHP_52_26	27
M24	Aegir_M24_B9	OIHBEECM_91_1	41
M24	Aegir_M24_B92	NJPCPLPI_239_2	29
M24	Aegir_M24_B92	NJPCPLPI_314_6	40
M24	Aegir_M24_B93	BHGFJBKP_59_23	34
M24	Aegir_M24_B93	BHGFJBKP_44_1	37
M24	Aegir_M24_B96	BGMMDEHE_282_2	46
M24	Aegir_M24_B96	BGMMDEHE_30_1	25
M24	Aegir_M24_B98	PCFAOBBO_332_1	30
M24	Aegir_M24_B98	PCFAOBBO_29_1	17
M25	Aegir_M25_B1	GJBGJFNG_58_2	33
M25	Aegir_M25_B10	DBCOEKGD_3_191	17
M25	Aegir_M25_B100	HECEMDOC_64_1	26
M25	Aegir_M25_B101	DOCLLKKD_81_10	26
M25	Aegir_M25_B101	DOCLLKKD_33_18	39
M25	Aegir_M25_B102	KDFDCCFH_128_4	36
M25	Aegir_M25_B102	KDFDCCFH_115_6	41
M25	Aegir_M25_B104	NDACLIJG_25_1	34
M25	Aegir_M25_B107	GNNCBGGM_17_107	14
M25	Aegir_M25_B116	LAMFONBH_15_14	42
M25	Aegir_M25_B12	ODBLGFJF_22_26	31
M25	Aegir_M25_B124	MNFECHNJ_130_5	26
M25	Aegir_M25_B126	FNDHDDGH_29_37	40
M25	Aegir_M25_B129	HDMFDFEC_36_4	42
M25	Aegir_M25_B130	EMAHDGMJ_55_26	41
M25	Aegir_M25_B133	HGNBCPJM_10_2	33
M25	Aegir_M25_B134	FMDDOPJB_118_6	27
M25	Aegir_M25_B135	OEFIAKPL_149_3	43
M25	Aegir_M25_B136	CDPKENHP_22_95	22
M25	Aegir_M25_B136	CDPKENHP_34_2	51
M25	Aegir_M25_B139	ANKKBANP_6_41	30
M25	Aegir_M25_B143	LCOEDOOA_200_3	39
M25	Aegir_M25_B145	CAFPPPBF_6_3	46
M25	Aegir_M25_B148	PCNLCECH_127_1	27
M25	Aegir_M25_B148	PCNLCECH_92_1	24
M25	Aegir_M25_B15	FKABDIKP_362_2	31
M25	Aegir_M25_B150	GKAAFCEO_49_3	23
M25	Aegir_M25_B150	GKAAFCEO_7_17	33
M25	Aegir_M25_B150	GKAAFCEO_41_2	32
M25	Aegir_M25_B151	GNJEFLLD_1_7	23
M25	Aegir_M25_B153	EMKEAJEM_402_1	40
M25	Aegir_M25_B153	EMKEAJEM_818_1	35
M25	Aegir_M25_B154	OEEGLEHL_29_25	62
M25	Aegir_M25_B154	OEEGLEHL_47_2	39
M25	Aegir_M25_B154	OEEGLEHL_38_28	35
M25	Aegir_M25_B154	OEEGLEHL_1_6	33
M25	Aegir_M25_B155	FNFNEMEO_143_1	39
M25	Aegir_M25_B155	FNFNEMEO_112_4	37
M25	Aegir_M25_B156	NFBENEIL_20_17	26
M25	Aegir_M25_B157	DBICPAKL_58_63	69
M25	Aegir_M25_B158	GBOJGMIE_112_2	33
M25	Aegir_M25_B162	BJFOMLKG_81_3	35
M25	Aegir_M25_B165	BMLCGDAE_88_3	35
M25	Aegir_M25_B166	JBOAIABN_11_44	22
M25	Aegir_M25_B166	JBOAIABN_38_23	20
M25	Aegir_M25_B168	DNLFPNMP_16_87	64
M25	Aegir_M25_B17	EFPKCKDP_23_11	65
M25	Aegir_M25_B17	EFPKCKDP_19_38	27
M25	Aegir_M25_B17	EFPKCKDP_51_14	17
M25	Aegir_M25_B170	ELAIDHFC_18_1	38
M25	Aegir_M25_B172	CCGMBFFG_278_1	19
M25	Aegir_M25_B172	CCGMBFFG_425_1	41
M25	Aegir_M25_B172	CCGMBFFG_587_5	36
M25	Aegir_M25_B172	CCGMBFFG_428_1	28
M25	Aegir_M25_B175	JLJPOILO_303_3	42
M25	Aegir_M25_B177	GFAPHGNP_74_1	35
M25	Aegir_M25_B178	CKBFPJAI_14_38	19
M25	Aegir_M25_B180	OONBPIIP_27_9	33
M25	Aegir_M25_B180	OONBPIIP_332_2	34
M25	Aegir_M25_B180	OONBPIIP_11_4	44
M25	Aegir_M25_B181	LCHLHEKD_57_7	26
M25	Aegir_M25_B187	JGCCPAEM_81_39	40
M25	Aegir_M25_B188	DCCNGCIG_21_2	31
M25	Aegir_M25_B188	DCCNGCIG_157_1	32
M25	Aegir_M25_B19	HBGCNCHA_7_5	11
M25	Aegir_M25_B193	OKNDCDBL_338_2	34
M25	Aegir_M25_B194	EFPMGGGC_95_2	25
M25	Aegir_M25_B196	DNAEBAJA_20_4	41
M25	Aegir_M25_B199	BNINIGFF_138_10	32
M25	Aegir_M25_B200	AAFKEBIM_2_1	34
M25	Aegir_M25_B207	KLODJPDJ_179_2	35
M25	Aegir_M25_B208	IHHJCMMD_9_4	26
M25	Aegir_M25_B209	HOJMOMBC_212_1	37
M25	Aegir_M25_B210	MIFALGFJ_3_15	36
M25	Aegir_M25_B215	DBLJEKIA_14_6	31
M25	Aegir_M25_B215	DBLJEKIA_439_3	31
M25	Aegir_M25_B215	DBLJEKIA_374_3	28
M25	Aegir_M25_B216	NDPGLPLK_32_16	39
M25	Aegir_M25_B217	ABPACAOB_232_5	35
M25	Aegir_M25_B217	ABPACAOB_528_2	35
M25	Aegir_M25_B218	OFOBCBEG_40_178	31
M25	Aegir_M25_B218	OFOBCBEG_49_40	23
M25	Aegir_M25_B220	EAHMDHCB_21_1	33
M25	Aegir_M25_B220	EAHMDHCB_70_30	35
M25	Aegir_M25_B221	HDNFIEHE_34_12	31
M25	Aegir_M25_B221	HDNFIEHE_42_14	17
M25	Aegir_M25_B221	HDNFIEHE_52_26	54
M25	Aegir_M25_B223	KJBKIOAM_80_27	33
M25	Aegir_M25_B223	KJBKIOAM_83_4	28
M25	Aegir_M25_B224	GOPPLFKP_11_22	45
M25	Aegir_M25_B224	GOPPLFKP_39_28	27
M25	Aegir_M25_B229	NDFDGGDH_1_4	29
M25	Aegir_M25_B229	NDFDGGDH_114_39	40
M25	Aegir_M25_B229	NDFDGGDH_68_23	29
M25	Aegir_M25_B23	EFMPONMI_129_1	27
M25	Aegir_M25_B23	EFMPONMI_139_4	32
M25	Aegir_M25_B231	GCMBIIMM_31_8	24
M25	Aegir_M25_B231	GCMBIIMM_41_6	33
M25	Aegir_M25_B232	BDOMIJBA_208_1	39
M25	Aegir_M25_B232	BDOMIJBA_111_10	39
M25	Aegir_M25_B232	BDOMIJBA_83_6	43
M25	Aegir_M25_B236	EKOJIBFH_130_1	30
M25	Aegir_M25_B237	KDPMIDBH_128_6	21
M25	Aegir_M25_B237	KDPMIDBH_236_2	26
M25	Aegir_M25_B238	LGMPKPMI_54_17	24
M25	Aegir_M25_B241	IDKIGBJD_168_5	26
M25	Aegir_M25_B241	IDKIGBJD_248_9	40
M25	Aegir_M25_B244	NHIIIKLN_113_21	45
M25	Aegir_M25_B245	MJIPPEME_67_24	29
M25	Aegir_M25_B248	FCJLPJOL_15_2	31
M25	Aegir_M25_B249	APPKEMID_4_16	23
M25	Aegir_M25_B249	APPKEMID_19_35	46
M25	Aegir_M25_B249	APPKEMID_21_6	37
M25	Aegir_M25_B251	MJNBCPKI_33_10	22
M25	Aegir_M25_B252	KLFLDMCD_69_3	29
M25	Aegir_M25_B253	NIPKMEBA_19_15	25
M25	Aegir_M25_B254	DFDIHNMG_507_18	39
M25	Aegir_M25_B254	DFDIHNMG_192_4	34
M25	Aegir_M25_B26	MENBPKOE_145_15	20
M25	Aegir_M25_B3	GMOEOBNB_68_6	25
M25	Aegir_M25_B3	GMOEOBNB_207_20	29
M25	Aegir_M25_B3	GMOEOBNB_9_7	55
M25	Aegir_M25_B31	KCPDNHAK_70_1	33
M25	Aegir_M25_B31	KCPDNHAK_6_38	27
M25	Aegir_M25_B33	GMCODDEA_7_50	22
M25	Aegir_M25_B34	FHCMHAMK_493_4	38
M25	Aegir_M25_B34	FHCMHAMK_120_4	44
M25	Aegir_M25_B34	FHCMHAMK_82_16	39
M25	Aegir_M25_B36	KIPJBGOE_80_4	44
M25	Aegir_M25_B36	KIPJBGOE_135_6	21
M25	Aegir_M25_B37	ALJMBEPD_170_9	33
M25	Aegir_M25_B38	KCLEFMIG_18_18	42
M25	Aegir_M25_B40	EJKDLJJF_46_6	52
M25	Aegir_M25_B42	PMJKNAEO_8_21	26
M25	Aegir_M25_B42	PMJKNAEO_11_39	20
M25	Aegir_M25_B42	PMJKNAEO_6_36	39
M25	Aegir_M25_B43	KOOMOCIH_110_11	42
M25	Aegir_M25_B45	NMKPEHHP_83_5	29
M25	Aegir_M25_B45	NMKPEHHP_293_1	39
M25	Aegir_M25_B46	IIHGGKOK_93_20	39
M25	Aegir_M25_B47	LPFNNGLO_89_27	44
M25	Aegir_M25_B47	LPFNNGLO_87_2	30
M25	Aegir_M25_B47	LPFNNGLO_48_1	26
M25	Aegir_M25_B48	EOLDCPEM_136_7	32
M25	Aegir_M25_B49	GIKLDKJA_20_31	40
M25	Aegir_M25_B49	GIKLDKJA_20_73	28
M25	Aegir_M25_B50	ADKCALKC_66_49	40
M25	Aegir_M25_B54	NMEKPIAN_575_1	34
M25	Aegir_M25_B54	NMEKPIAN_724_5	33
M25	Aegir_M25_B55	CMAAFGAB_20_20	22
M25	Aegir_M25_B57	MFBIBGIB_76_1	25
M25	Aegir_M25_B58	EKAMJCNM_177_2	23
M25	Aegir_M25_B59	FKKLMBGH_13_122	35
M25	Aegir_M25_B6	HLLDGPEO_119_11	32
M25	Aegir_M25_B66	JDPKAENK_43_1	33
M25	Aegir_M25_B67	FIJJPHGJ_266_2	36
M25	Aegir_M25_B67	FIJJPHGJ_138_1	40
M25	Aegir_M25_B68	OEKECGOG_72_5	36
M25	Aegir_M25_B7	ICOMKHEL_90_71	19
M25	Aegir_M25_B7	ICOMKHEL_29_4	40
M25	Aegir_M25_B70	AMOJAIOH_90_18	33
M25	Aegir_M25_B70	AMOJAIOH_3_1	24
M25	Aegir_M25_B70	AMOJAIOH_19_73	45
M25	Aegir_M25_B73	FLFHMAHC_168_4	32
M25	Aegir_M25_B74	PAGHHCMK_39_5	33
M25	Aegir_M25_B77	IHGNANKF_72_3	25
M25	Aegir_M25_B79	DGAMHEBP_134_33	26
M25	Aegir_M25_B79	DGAMHEBP_69_12	26
M25	Aegir_M25_B83	MENCFBOC_703_3	32
M25	Aegir_M25_B83	MENCFBOC_739_5	31
M25	Aegir_M25_B84	HDCNPNCJ_28_16	49
M25	Aegir_M25_B85	FPNGPMKE_109_4	38
M25	Aegir_M25_B85	FPNGPMKE_98_2	24
M25	Aegir_M25_B88	PNKOKCJG_51_3	30
M25	Aegir_M25_B89	FAGMIBAH_35_30	35
M25	Aegir_M25_B89	FAGMIBAH_22_1	45
M25	Aegir_M25_B9	CMHNOBHP_226_1	25
M25	Aegir_M25_B94	ABBBLBMD_122_18	27
M25	Aegir_M25_B94	ABBBLBMD_107_1	30
M25	Aegir_M25_B94	ABBBLBMD_104_2	42
M25	Aegir_M25_B94	ABBBLBMD_87_38	40
M25	Aegir_M25_B94	ABBBLBMD_46_1	38
M25	Aegir_M25_B94	ABBBLBMD_7_2	31
M25	Aegir_M25_B97	PFFBMKHE_122_2	32
M25	Aegir_M25_B99	FLKMLDCN_24_1	29
M26	Aegir_M26_B10	LFKANOBG_147_1	43
M26	Aegir_M26_B10	LFKANOBG_139_10	41
M26	Aegir_M26_B12	PDFOFEJH_146_5	31
M26	Aegir_M26_B16	GCDCONLL_2_1	27
M26	Aegir_M26_B19	HDIEMOMA_39_1	35
M26	Aegir_M26_B24	KIMHDIKC_13_7	26
M26	Aegir_M26_B26	IFPDOPNG_22_50	29
M26	Aegir_M26_B27	DNALNJHC_97_4	33
M26	Aegir_M26_B28	FFGAEJMC_46_75	35
M26	Aegir_M26_B28	FFGAEJMC_38_38	43
M26	Aegir_M26_B29	IKNLBCIC_18_79	31
M26	Aegir_M26_B32	KKIHGFKI_73_8	51
M26	Aegir_M26_B33	MJCJCPAN_418_18	32
M26	Aegir_M26_B33	MJCJCPAN_11_1	44
M26	Aegir_M26_B34	NCDAIAKF_74_2	30
M26	Aegir_M26_B39	GKKEEBDC_22_58	41
M26	Aegir_M26_B40	EFHMKIBB_162_1	51
M26	Aegir_M26_B44	DFLBIPPG_42_16	41
M26	Aegir_M26_B44	DFLBIPPG_17_4	38
M26	Aegir_M26_B46	NJMACCPO_14_2	26
M26	Aegir_M26_B5	BDHJOFGG_53_4	26
M26	Aegir_M26_B6	CBOPLNHK_17_3	29
M26	Aegir_M26_B7	FHBODMBI_109_10	33
M26	Aegir_M26_B9	POHKCCHO_1_10	29
M26	Aegir_M26_B9	POHKCCHO_234_7	32
M33	Barite_M33_B10	JLLMDFFJ_93_4	30
M33	Barite_M33_B100	EHILNAML_112_8	38
M33	Barite_M33_B101	MNIOLPGK_20_7	40
M33	Barite_M33_B101	MNIOLPGK_2_21	44
M33	Barite_M33_B102	BFHHFIMI_47_36	29
M33	Barite_M33_B102	BFHHFIMI_202_8	32
M33	Barite_M33_B102	BFHHFIMI_89_18	42
M33	Barite_M33_B104	JEHDAJPF_61_25	35
M33	Barite_M33_B105	ADJNEHKA_10_3	62
M33	Barite_M33_B106	LFCNJEPG_34_26	28
M33	Barite_M33_B109	NKNCIDFI_359_5	29
M33	Barite_M33_B109	NKNCIDFI_685_6	29
M33	Barite_M33_B109	NKNCIDFI_598_9	44
M33	Barite_M33_B109	NKNCIDFI_9_15	40
M33	Barite_M33_B109	NKNCIDFI_259_2	42
M33	Barite_M33_B109	NKNCIDFI_641_3	39
M33	Barite_M33_B109	NKNCIDFI_428_1	40
M33	Barite_M33_B112	NPLDDKJN_745_5	25
M33	Barite_M33_B114	HJEFFHPK_247_4	21
M33	Barite_M33_B12	ODLGHPJG_124_1	42
M33	Barite_M33_B13	DOFEOPKJ_296_5	45
M33	Barite_M33_B13	DOFEOPKJ_441_2	36
M33	Barite_M33_B13	DOFEOPKJ_250_5	36
M33	Barite_M33_B14	DBOFCDMG_63_27	24
M33	Barite_M33_B15	JOHHCMNB_98_3	30
M33	Barite_M33_B16	OEJDFIBC_143_1	41
M33	Barite_M33_B18	CBFAIEJC_14_291	39
M33	Barite_M33_B19	ENCDCCNJ_59_7	26
M33	Barite_M33_B19	ENCDCCNJ_179_1	34
M33	Barite_M33_B19	ENCDCCNJ_257_3	42
M33	Barite_M33_B20	NGKECJEJ_124_2	39
M33	Barite_M33_B22	HKHLFAFE_360_1	35
M33	Barite_M33_B23	JICMBPMM_160_18	34
M33	Barite_M33_B26	MPHHIGMO_368_2	40
M33	Barite_M33_B27	EOOHJCDJ_283_4	30
M33	Barite_M33_B30	COHBHEGN_4_5	51
M33	Barite_M33_B31	ALBGKPPL_388_24	27
M33	Barite_M33_B32	MFEMIGBH_29_13	38
M33	Barite_M33_B34	NNIJCGEL_214_2	28
M33	Barite_M33_B34	NNIJCGEL_267_22	26
M33	Barite_M33_B38	JMMHIICP_242_1	42
M33	Barite_M33_B4	NGHILOBA_32_8	29
M33	Barite_M33_B40	PHKBGOOM_74_5	26
M33	Barite_M33_B40	PHKBGOOM_156_4	33
M33	Barite_M33_B41	BGLBHDLA_200_1	26
M33	Barite_M33_B41	BGLBHDLA_135_4	37
M33	Barite_M33_B43	OLHBDDCL_19_1	41
M33	Barite_M33_B45	MEICBBJD_113_16	34
M33	Barite_M33_B46	LFFIDLNF_58_1	31
M33	Barite_M33_B47	FADKJNDK_87_1	35
M33	Barite_M33_B49	PHLOBIOC_141_4	31
M33	Barite_M33_B51	FMNJNAMI_146_6	34
M33	Barite_M33_B52	JCAIBNCO_74_3	38
M33	Barite_M33_B52	JCAIBNCO_404_1	33
M33	Barite_M33_B53	CPPAPOMF_206_1	45
M33	Barite_M33_B54	JFPKPEDE_140_3	24
M33	Barite_M33_B55	CFPHHOAB_24_1	29
M33	Barite_M33_B56	ENICKNPH_135_6	44
M33	Barite_M33_B56	ENICKNPH_57_55	39
M33	Barite_M33_B56	ENICKNPH_167_2	16
M33	Barite_M33_B56	ENICKNPH_54_8	54
M33	Barite_M33_B61	CAOEPHBC_50_28	25
M33	Barite_M33_B62	AGFGDEPP_3_140	42
M33	Barite_M33_B64	FBCGENOP_346_3	30
M33	Barite_M33_B65	LLGBHINH_191_2	22
M33	Barite_M33_B65	LLGBHINH_237_1	39
M33	Barite_M33_B66	NGMOPKMC_108_7	36
M33	Barite_M33_B66	NGMOPKMC_86_2	46
M33	Barite_M33_B67	DLFDEKGP_61_58	32
M33	Barite_M33_B67	DLFDEKGP_58_1	40
M33	Barite_M33_B67	DLFDEKGP_30_27	30
M33	Barite_M33_B68	OLFOFOJF_94_3	35
M33	Barite_M33_B71	LHGKDENN_42_7	33
M33	Barite_M33_B71	LHGKDENN_246_1	27
M33	Barite_M33_B71	LHGKDENN_98_19	23
M33	Barite_M33_B71	LHGKDENN_132_5	39
M33	Barite_M33_B74	GEAAAAEN_30_30	39
M33	Barite_M33_B74	GEAAAAEN_350_15	35
M33	Barite_M33_B74	GEAAAAEN_96_60	22
M33	Barite_M33_B8	KFCJGCLI_144_6	39
M33	Barite_M33_B8	KFCJGCLI_3_9	36
M33	Barite_M33_B80	BKBHMIGP_82_12	29
M33	Barite_M33_B80	BKBHMIGP_30_95	42
M33	Barite_M33_B82	OKJDKIPL_9_5	39
M33	Barite_M33_B83	GMKLPHPK_131_1	26
M33	Barite_M33_B89	EMEEGMFL_620_3	36
M33	Barite_M33_B89	EMEEGMFL_700_3	35
M33	Barite_M33_B89	EMEEGMFL_506_1	43
M33	Barite_M33_B90	MDJGNOFL_123_2	30
M33	Barite_M33_B90	MDJGNOFL_42_6	27
M33	Barite_M33_B90	MDJGNOFL_149_1	38
M33	Barite_M33_B93	DLLABPDM_128_1	47
M33	Barite_M33_B94	IEAPBGPM_57_17	24
M33	Barite_M33_B95	FMFMJIIM_115_3	38
M33	Barite_M33_B99	HIDEMPIF_85_5	36
M36	Aegir_M36_B15	LAPKCFCO_130_4	40
M36	Aegir_M36_B2	NDAJAKLO_206_6	27
M36	Aegir_M36_B21	KFOBHDBC_709_9	31
M36	Aegir_M36_B21	KFOBHDBC_243_3	42
M36	Aegir_M36_B21	KFOBHDBC_513_2	26
M36	Aegir_M36_B22	AMFJPKLD_20_3	40
M36	Aegir_M36_B22	AMFJPKLD_101_11	29
M36	Aegir_M36_B23	KFHHGAEL_135_13	33
M36	Aegir_M36_B26	GAOBNHDM_377_3	36
M36	Aegir_M36_B28	POOKNHCI_177_35	26
M36	Aegir_M36_B28	POOKNHCI_289_17	28
M36	Aegir_M36_B29	HOOJLFPK_26_13	42
M36	Aegir_M36_B30	LKACKFMG_21_13	30
M36	Aegir_M36_B30	LKACKFMG_10_7	40
M36	Aegir_M36_B30	LKACKFMG_19_32	42
M36	Aegir_M36_B30	LKACKFMG_27_38	38
M36	Aegir_M36_B30	LKACKFMG_27_37	29
M36	Aegir_M36_B30	LKACKFMG_52_2	31
M36	Aegir_M36_B35	APLIPKFB_46_4	31
M36	Aegir_M36_B35	APLIPKFB_158_9	42
M36	Aegir_M36_B35	APLIPKFB_18_25	41
M36	Aegir_M36_B36	LDCPKHLH_26_3	39
M36	Aegir_M36_B36	LDCPKHLH_546_5	33
M36	Aegir_M36_B37	BIGHILKH_237_1	23
M36	Aegir_M36_B37	BIGHILKH_204_5	29
M36	Aegir_M36_B39	EJJLEDJN_69_24	34
M36	Aegir_M36_B4	MFMOEDNK_171_1	39
M36	Aegir_M36_B4	MFMOEDNK_33_10	19
M36	Aegir_M36_B4	MFMOEDNK_357_3	28
M36	Aegir_M36_B42	CENODMGI_110_1	26
M36	Aegir_M36_B42	CENODMGI_218_3	35
M36	Aegir_M36_B42	CENODMGI_20_1	41
M36	Aegir_M36_B42	CENODMGI_6_4	33
M36	Aegir_M36_B43	LKNDKLPM_270_12	33
M36	Aegir_M36_B45	KCAABIEO_290_1	27
M36	Aegir_M36_B45	KCAABIEO_293_12	51
M36	Aegir_M36_B46	AODPIKDL_77_68	42
M36	Aegir_M36_B46	AODPIKDL_62_9	21
M36	Aegir_M36_B46	AODPIKDL_63_2	32
M36	Aegir_M36_B47	BLKNPGAP_110_15	30
M36	Aegir_M36_B48	IGGOJNFL_101_2	40
M36	Aegir_M36_B49	CFBHPGFJ_48_6	28
M36	Aegir_M36_B5	NNMJOBBE_330_3	37
M36	Aegir_M36_B50	ECGDAIFI_208_2	22
M36	Aegir_M36_B54	NEFIDIMH_38_28	25
M36	Aegir_M36_B54	NEFIDIMH_1_8	40
M36	Aegir_M36_B56	GDAKIHJJ_73_7	32
M36	Aegir_M36_B58	DAMCAHIH_329_2	38
M36	Aegir_M36_B59	LBFMECOL_19_26	30
M36	Aegir_M36_B6	ECPJPLJJ_27_4	24
M36	Aegir_M36_B63	OGCOFHCG_4_8	36
M36	Aegir_M36_B65	OKGIDNFP_33_16	22
M36	Aegir_M36_B67	KOOHGOLM_320_1	25
M36	Aegir_M36_B68	MLCMMGOM_281_2	28
M36	Aegir_M36_B7	AALBNAMJ_5_92	15
M36	Aegir_M36_B7	AALBNAMJ_30_8	37
M36	Aegir_M36_B71	JGCHBLFO_307_4	25
M36	Aegir_M36_B73	PDMGNGAF_293_4	29
M36	Aegir_M36_B73	PDMGNGAF_119_10	42
M36	Aegir_M36_B73	PDMGNGAF_43_4	32
M36	Aegir_M36_B73	PDMGNGAF_190_2	39
M36	Aegir_M36_B8	KIEHLOCK_199_9	41
M36	Aegir_M36_B8	KIEHLOCK_114_5	32
M37	Aegir_M37_B14	CBENGHKH_64_1	24
M37	Aegir_M37_B14	CBENGHKH_14_6	42
M37	Aegir_M37_B18	FJOFIFII_351_1	30
M37	Aegir_M37_B18	FJOFIFII_377_1	43
M37	Aegir_M37_B19	ODLDNGCH_165_1	34
M37	Aegir_M37_B2	BKNOFKLA_118_1	34
M37	Aegir_M37_B21	JBPFJJCB_238_3	35
M37	Aegir_M37_B22	NLCMHHHC_308_9	35
M37	Aegir_M37_B23	JCMCOKNO_551_1	28
M37	Aegir_M37_B23	JCMCOKNO_124_5	29
M37	Aegir_M37_B25	DGIHFKDF_507_5	37
M37	Aegir_M37_B27	FDOHJKJH_447_1	18
M37	Aegir_M37_B29	EMBCFOFO_21_18	40
M37	Aegir_M37_B3	HNCLEMDB_201_2	25
M37	Aegir_M37_B3	HNCLEMDB_146_13	43
M37	Aegir_M37_B33	NCCOEKMA_11_34	24
M37	Aegir_M37_B34	GOGOMFGK_302_3	29
M37	Aegir_M37_B34	GOGOMFGK_34_1	29
M37	Aegir_M37_B34	GOGOMFGK_351_1	29
M37	Aegir_M37_B34	GOGOMFGK_643_1	29
M37	Aegir_M37_B35	CJICECBE_205_10	36
M37	Aegir_M37_B35	CJICECBE_25_4	52
M37	Aegir_M37_B36	HECOAHAK_64_96	33
M37	Aegir_M37_B36	HECOAHAK_47_34	36
M37	Aegir_M37_B38	PGEEBHBE_8_25	31
M37	Aegir_M37_B39	HAEKJFGP_78_2	40
M37	Aegir_M37_B4	KNIBKCOJ_192_2	37
M37	Aegir_M37_B40	LOEOMKJD_66_19	28
M37	Aegir_M37_B41	CICNOPNC_228_1	43
M37	Aegir_M37_B41	CICNOPNC_148_2	23
M37	Aegir_M37_B41	CICNOPNC_108_13	28
M37	Aegir_M37_B41	CICNOPNC_2_7	36
M37	Aegir_M37_B45	PCPMHHLM_66_4	27
M37	Aegir_M37_B45	PCPMHHLM_252_1	40
M37	Aegir_M37_B46	FJIODLBK_50_111	30
M37	Aegir_M37_B46	FJIODLBK_15_37	46
M37	Aegir_M37_B48	PEAOFJAB_26_3	36
M37	Aegir_M37_B49	NLCOFIOL_636_5	33
M37	Aegir_M37_B49	NLCOFIOL_694_2	30
M37	Aegir_M37_B49	NLCOFIOL_215_2	30
M37	Aegir_M37_B49	NLCOFIOL_491_6	45
M37	Aegir_M37_B5	EBBODCAE_222_1	36
M37	Aegir_M37_B5	EBBODCAE_541_8	43
M37	Aegir_M37_B5	EBBODCAE_461_4	33
M37	Aegir_M37_B51	OHMOLDFD_363_3	36
M37	Aegir_M37_B51	OHMOLDFD_180_5	29
M37	Aegir_M37_B52	MBJKJAIA_613_1	33
M37	Aegir_M37_B53	NBONLNAG_30_1	36
M37	Aegir_M37_B54	LHGBMGDM_329_1	32
M37	Aegir_M37_B54	LHGBMGDM_406_1	27
M37	Aegir_M37_B56	LAJLOBNE_215_6	35
M37	Aegir_M37_B56	LAJLOBNE_91_2	20
M37	Aegir_M37_B7	EBIPKGNL_1003_4	28
M37	Aegir_M37_B7	EBIPKGNL_428_1	36
M37	Aegir_M37_B7	EBIPKGNL_1627_3	39
M37	Aegir_M37_B8	OHAGCPAB_196_4	37
M37	Aegir_M37_B9	EMJIGOFO_76_6	23
M37	Aegir_M37_B9	EMJIGOFO_95_12	22
M38	Aegir_M38_B100	DGPCILFO_32_3	52
M38	Aegir_M38_B102	CFOIEDKB_34_33	44
M38	Aegir_M38_B102	CFOIEDKB_72_14	31
M38	Aegir_M38_B102	CFOIEDKB_189_7	29
M38	Aegir_M38_B103	GFMOCMNL_256_9	32
M38	Aegir_M38_B107	GJNODNJA_9_36	34
M38	Aegir_M38_B108	IAJGHCOB_30_5	33
M38	Aegir_M38_B108	IAJGHCOB_138_6	38
M38	Aegir_M38_B109	PLALPCGD_57_10	28
M38	Aegir_M38_B11	OHCLFNHJ_60_7	26
M38	Aegir_M38_B13	JGAODFDO_14_2	26
M38	Aegir_M38_B15	PNCLIAJG_8_2	42
M38	Aegir_M38_B19	ECPBKFON_125_5	27
M38	Aegir_M38_B2	FILNCIPO_574_2	19
M38	Aegir_M38_B20	CFBDOOPH_229_1	31
M38	Aegir_M38_B20	CFBDOOPH_456_2	31
M38	Aegir_M38_B3	IAPKAHNK_99_9	34
M38	Aegir_M38_B3	IAPKAHNK_153_3	40
M38	Aegir_M38_B30	APGDIBME_1_14	35
M38	Aegir_M38_B30	APGDIBME_38_23	42
M38	Aegir_M38_B30	APGDIBME_35_8	32
M38	Aegir_M38_B30	APGDIBME_9_11	39
M38	Aegir_M38_B32	EHIJNLMB_129_1	46
M38	Aegir_M38_B35	NPMGFPNF_391_1	40
M38	Aegir_M38_B36	JNFGIEIN_123_9	46
M38	Aegir_M38_B38	LMPFGBPF_32_58	22
M38	Aegir_M38_B38	LMPFGBPF_123_55	37
M38	Aegir_M38_B4	CCEEDJDB_69_21	40
M38	Aegir_M38_B40	LEKKIAAH_150_1	37
M38	Aegir_M38_B40	LEKKIAAH_349_2	34
M38	Aegir_M38_B40	LEKKIAAH_64_1	42
M38	Aegir_M38_B41	HENIIIJL_33_9	27
M38	Aegir_M38_B41	HENIIIJL_156_7	32
M38	Aegir_M38_B41	HENIIIJL_349_2	32
M38	Aegir_M38_B42	APGNHLOD_309_3	37
M38	Aegir_M38_B45	PDGCENIA_58_1	36
M38	Aegir_M38_B48	MICOHLPA_59_3	33
M38	Aegir_M38_B49	KHHHKCJG_167_12	32
M38	Aegir_M38_B49	KHHHKCJG_227_1	42
M38	Aegir_M38_B54	IPCMLAMI_131_12	34
M38	Aegir_M38_B57	ENFPJDJP_481_3	15
M38	Aegir_M38_B57	ENFPJDJP_132_4	25
M38	Aegir_M38_B58	EGDGCNOE_1_2	39
M38	Aegir_M38_B6	LPEMMCJN_72_9	20
M38	Aegir_M38_B61	EHKJGOEI_547_4	35
M38	Aegir_M38_B61	EHKJGOEI_558_6	28
M38	Aegir_M38_B61	EHKJGOEI_17_2	24
M38	Aegir_M38_B61	EHKJGOEI_468_5	36
M38	Aegir_M38_B64	NAOKMLNH_130_21	56
M38	Aegir_M38_B66	EMLCJMHO_99_24	34
M38	Aegir_M38_B66	EMLCJMHO_136_9	26
M38	Aegir_M38_B66	EMLCJMHO_60_2	46
M38	Aegir_M38_B67	ADJEFGIL_9_6	25
M38	Aegir_M38_B68	FFDAKDOA_35_1	18
M38	Aegir_M38_B69	IBFOMGMI_46_30	33
M38	Aegir_M38_B7	KJAMEGOG_506_1	26
M38	Aegir_M38_B70	LJALBDND_235_2	23
M38	Aegir_M38_B71	CPPEEGKI_126_3	31
M38	Aegir_M38_B71	CPPEEGKI_116_6	43
M38	Aegir_M38_B73	GACEDKPE_90_27	43
M38	Aegir_M38_B73	GACEDKPE_101_11	28
M38	Aegir_M38_B74	CNCNCCNP_227_4	24
M38	Aegir_M38_B74	CNCNCCNP_127_6	24
M38	Aegir_M38_B74	CNCNCCNP_152_18	19
M38	Aegir_M38_B75	IBOODKDA_8_7	35
M38	Aegir_M38_B78	GNCENCHD_91_7	23
M38	Aegir_M38_B78	GNCENCHD_382_8	34
M38	Aegir_M38_B79	CGJFFKOE_1_100	24
M38	Aegir_M38_B79	CGJFFKOE_1_96	24
M38	Aegir_M38_B8	EBIDJMJL_171_2	25
M38	Aegir_M38_B81	FPKJGNPI_412_3	43
M38	Aegir_M38_B83	BIPNPGMJ_299_11	45
M38	Aegir_M38_B83	BIPNPGMJ_283_20	17
M38	Aegir_M38_B83	BIPNPGMJ_333_4	40
M38	Aegir_M38_B83	BIPNPGMJ_572_1	41
M38	Aegir_M38_B83	BIPNPGMJ_161_2	24
M38	Aegir_M38_B84	LMKJOADE_83_10	51
M38	Aegir_M38_B85	ACLCOCJL_40_18	42
M38	Aegir_M38_B85	ACLCOCJL_35_2	35
M38	Aegir_M38_B87	ICAEBNNE_34_11	42
M38	Aegir_M38_B90	NBPCDCCG_13_19	46
M38	Aegir_M38_B90	NBPCDCCG_15_13	57
M38	Aegir_M38_B92	HJJGMEJB_29_35	37
M38	Aegir_M38_B93	EKBDCPHF_24_14	50
M38	Aegir_M38_B93	EKBDCPHF_146_9	29
M38	Aegir_M38_B98	BFAFEAIL_253_1	28
M38	Aegir_M38_B98	BFAFEAIL_334_5	30
M38	Aegir_M38_B98	BFAFEAIL_315_5	32
M38	Aegir_M38_B99	IBPAHCCO_16_24	30
M39	Aegir_M39_B100	HPDNPIEA_429_7	31
M39	Aegir_M39_B101	OOLOLMOA_35_13	28
M39	Aegir_M39_B101	OOLOLMOA_57_9	33
M39	Aegir_M39_B102	HHBKGBCH_86_58	44
M39	Aegir_M39_B102	HHBKGBCH_127_1	38
M39	Aegir_M39_B102	HHBKGBCH_17_1	38
M39	Aegir_M39_B103	COHBNLED_219_1	29
M39	Aegir_M39_B104	BDNAFLFJ_21_2	36
M39	Aegir_M39_B105	MEBADGCM_64_7	29
M39	Aegir_M39_B108	ELMMPHKD_177_1	41
M39	Aegir_M39_B108	ELMMPHKD_187_4	29
M39	Aegir_M39_B109	ICBCKKKK_56_29	25
M39	Aegir_M39_B109	ICBCKKKK_185_44	25
M39	Aegir_M39_B109	ICBCKKKK_79_12	24
M39	Aegir_M39_B109	ICBCKKKK_138_15	38
M39	Aegir_M39_B109	ICBCKKKK_253_5	26
M39	Aegir_M39_B109	ICBCKKKK_199_14	21
M39	Aegir_M39_B109	ICBCKKKK_56_48	32
M39	Aegir_M39_B11	KAPCIHNN_146_13	43
M39	Aegir_M39_B110	BFEMGKGJ_148_4	43
M39	Aegir_M39_B112	ICNECMED_121_17	38
M39	Aegir_M39_B112	ICNECMED_168_11	29
M39	Aegir_M39_B112	ICNECMED_121_9	41
M39	Aegir_M39_B113	NBHHOGLK_65_2	29
M39	Aegir_M39_B114	OEKGDMPL_93_4	41
M39	Aegir_M39_B115	NNIFDBFB_89_14	31
M39	Aegir_M39_B116	KAONBLHN_159_3	29
M39	Aegir_M39_B117	IAKFMJEM_272_2	31
M39	Aegir_M39_B117	IAKFMJEM_316_3	19
M39	Aegir_M39_B117	IAKFMJEM_183_8	36
M39	Aegir_M39_B118	IKDFCCNA_38_4	31
M39	Aegir_M39_B118	IKDFCCNA_57_1	35
M39	Aegir_M39_B12	MKBBINBF_7_12	42
M39	Aegir_M39_B124	MKNJNPBE_3_214	43
M39	Aegir_M39_B124	MKNJNPBE_3_144	40
M39	Aegir_M39_B125	LGFNCOND_193_43	39
M39	Aegir_M39_B126	NGIDNPEH_9_18	42
M39	Aegir_M39_B129	OLACNJPO_151_9	37
M39	Aegir_M39_B131	GCPFHCHN_760_3	32
M39	Aegir_M39_B131	GCPFHCHN_84_3	37
M39	Aegir_M39_B136	IGJLCKIK_8_44	22
M39	Aegir_M39_B136	IGJLCKIK_7_23	40
M39	Aegir_M39_B137	MGGLONMC_44_9	25
M39	Aegir_M39_B137	MGGLONMC_56_6	40
M39	Aegir_M39_B14	OENFBOHI_142_5	34
M39	Aegir_M39_B141	FDIMNBAG_431_12	43
M39	Aegir_M39_B141	FDIMNBAG_320_4	27
M39	Aegir_M39_B142	GEPOGDIE_192_2	35
M39	Aegir_M39_B143	NFGOFIFO_555_5	41
M39	Aegir_M39_B144	LEDLLEGN_1_33	33
M39	Aegir_M39_B146	OICIJIOO_69_5	36
M39	Aegir_M39_B146	OICIJIOO_47_7	41
M39	Aegir_M39_B15	JKANDIBI_46_7	37
M39	Aegir_M39_B15	JKANDIBI_209_1	30
M39	Aegir_M39_B15	JKANDIBI_210_26	27
M39	Aegir_M39_B15	JKANDIBI_255_24	46
M39	Aegir_M39_B150	GLJOBBPH_120_8	27
M39	Aegir_M39_B152	PIOJOGJG_3_60	41
M39	Aegir_M39_B154	IPGEANND_22_159	42
M39	Aegir_M39_B155	KKPGHLON_16_152	35
M39	Aegir_M39_B155	KKPGHLON_127_1	34
M39	Aegir_M39_B158	DAIGHAGO_189_9	36
M39	Aegir_M39_B159	LKLMGDAM_276_3	28
M39	Aegir_M39_B16	LAEAKBMI_238_1	41
M39	Aegir_M39_B161	EACKFKNK_88_3	31
M39	Aegir_M39_B164	PNPOMJDI_39_42	25
M39	Aegir_M39_B166	GHHMGHBK_162_1	23
M39	Aegir_M39_B166	GHHMGHBK_13_63	35
M39	Aegir_M39_B167	NKOFHIIF_531_9	41
M39	Aegir_M39_B167	NKOFHIIF_319_2	39
M39	Aegir_M39_B167	NKOFHIIF_752_3	34
M39	Aegir_M39_B17	CBJJPFKK_21_6	53
M39	Aegir_M39_B171	EIKHOBMN_30_1	30
M39	Aegir_M39_B171	EIKHOBMN_3_1	22
M39	Aegir_M39_B171	EIKHOBMN_34_12	40
M39	Aegir_M39_B172	EBJEFPEO_57_42	37
M39	Aegir_M39_B173	LOGKCIHJ_188_1	47
M39	Aegir_M39_B176	GFFPLFCF_32_10	37
M39	Aegir_M39_B177	DPONBGFN_78_39	41
M39	Aegir_M39_B179	DCMKIBAL_42_1	32
M39	Aegir_M39_B179	DCMKIBAL_34_5	28
M39	Aegir_M39_B179	DCMKIBAL_93_19	28
M39	Aegir_M39_B180	PILMEDLM_205_10	32
M39	Aegir_M39_B181	FNBCNFFH_50_34	26
M39	Aegir_M39_B181	FNBCNFFH_357_11	28
M39	Aegir_M39_B183	CBIJBIGH_205_1	43
M39	Aegir_M39_B184	EDPJEEBL_121_5	37
M39	Aegir_M39_B184	EDPJEEBL_152_13	42
M39	Aegir_M39_B185	BGKBPJDF_40_5	38
M39	Aegir_M39_B187	KKKOIOLA_50_5	26
M39	Aegir_M39_B188	JCKFNMMM_90_1	42
M39	Aegir_M39_B192	HEEDOPCH_84_9	28
M39	Aegir_M39_B193	IPACGEIK_69_8	32
M39	Aegir_M39_B193	IPACGEIK_67_26	31
M39	Aegir_M39_B194	MHOBFLEE_291_7	40
M39	Aegir_M39_B194	MHOBFLEE_127_3	33
M39	Aegir_M39_B194	MHOBFLEE_144_1	43
M39	Aegir_M39_B195	GJNOLOFI_197_13	41
M39	Aegir_M39_B196	BKLBJKCE_140_5	20
M39	Aegir_M39_B196	BKLBJKCE_204_14	24
M39	Aegir_M39_B198	OHIALCHJ_181_41	21
M39	Aegir_M39_B198	OHIALCHJ_198_27	25
M39	Aegir_M39_B198	OHIALCHJ_27_1	40
M39	Aegir_M39_B199	KEIMIPLH_326_7	42
M39	Aegir_M39_B2	GFCMJPMJ_158_5	34
M39	Aegir_M39_B20	KNGHPBFF_542_2	33
M39	Aegir_M39_B20	KNGHPBFF_75_4	26
M39	Aegir_M39_B20	KNGHPBFF_207_14	37
M39	Aegir_M39_B21	OONNNJMN_37_2	40
M39	Aegir_M39_B21	OONNNJMN_99_4	26
M39	Aegir_M39_B21	OONNNJMN_333_1	41
M39	Aegir_M39_B23	CIBCBEEE_16_2	26
M39	Aegir_M39_B26	PODDHOJH_80_9	27
M39	Aegir_M39_B27	INCGMNIA_335_1	38
M39	Aegir_M39_B29	LDFDGFAA_305_10	42
M39	Aegir_M39_B29	LDFDGFAA_122_3	31
M39	Aegir_M39_B29	LDFDGFAA_245_3	29
M39	Aegir_M39_B29	LDFDGFAA_589_1	38
M39	Aegir_M39_B29	LDFDGFAA_297_3	39
M39	Aegir_M39_B3	OHFHPIDA_260_4	38
M39	Aegir_M39_B3	OHFHPIDA_32_3	44
M39	Aegir_M39_B30	HOCLGGFK_69_8	42
M39	Aegir_M39_B32	JGCEHHJG_78_4	29
M39	Aegir_M39_B32	JGCEHHJG_140_15	30
M39	Aegir_M39_B34	MPGNNOLM_149_4	20
M39	Aegir_M39_B35	FOFKHIPA_463_1	42
M39	Aegir_M39_B36	GGJMJOFG_44_16	30
M39	Aegir_M39_B36	GGJMJOFG_17_21	42
M39	Aegir_M39_B36	GGJMJOFG_34_8	40
M39	Aegir_M39_B36	GGJMJOFG_53_9	38
M39	Aegir_M39_B36	GGJMJOFG_53_10	29
M39	Aegir_M39_B36	GGJMJOFG_94_2	31
M39	Aegir_M39_B37	LEFHGJPA_256_1	43
M39	Aegir_M39_B4	OPFOICGM_290_7	26
M39	Aegir_M39_B4	OPFOICGM_149_6	25
M39	Aegir_M39_B40	JEICAJEH_27_102	31
M39	Aegir_M39_B40	JEICAJEH_13_24	27
M39	Aegir_M39_B41	JEGBJGEC_124_10	26
M39	Aegir_M39_B43	LPCKDOMF_170_1	30
M39	Aegir_M39_B44	IPKLMCOG_56_22	25
M39	Aegir_M39_B45	BHJKMAJD_43_14	27
M39	Aegir_M39_B45	BHJKMAJD_15_20	40
M39	Aegir_M39_B47	LEIPLLPH_294_3	40
M39	Aegir_M39_B47	LEIPLLPH_107_7	35
M39	Aegir_M39_B5	CBKCKAFE_6_26	30
M39	Aegir_M39_B50	MLCNNOGE_24_21	35
M39	Aegir_M39_B50	MLCNNOGE_47_19	26
M39	Aegir_M39_B51	DKEELOGD_101_1	27
M39	Aegir_M39_B51	DKEELOGD_17_6	65
M39	Aegir_M39_B51	DKEELOGD_82_18	17
M39	Aegir_M39_B52	LKAFJBHK_115_11	19
M39	Aegir_M39_B52	LKAFJBHK_49_2	43
M39	Aegir_M39_B54	HDEKGLIK_228_3	43
M39	Aegir_M39_B54	HDEKGLIK_70_6	31
M39	Aegir_M39_B54	HDEKGLIK_64_2	57
M39	Aegir_M39_B56	PEMCANAD_78_1	37
M39	Aegir_M39_B56	PEMCANAD_54_27	28
M39	Aegir_M39_B56	PEMCANAD_149_7	34
M39	Aegir_M39_B59	KOPDDENJ_8_102	31
M39	Aegir_M39_B61	PKGDLEHC_372_1	34
M39	Aegir_M39_B64	BHJOCGJN_104_4	32
M39	Aegir_M39_B64	BHJOCGJN_3_1	36
M39	Aegir_M39_B65	JDINJJPO_75_3	35
M39	Aegir_M39_B65	JDINJJPO_7_2	32
M39	Aegir_M39_B67	HCGIIHJE_43_1	35
M39	Aegir_M39_B68	BMNDMLLO_474_2	40
M39	Aegir_M39_B68	BMNDMLLO_81_4	39
M39	Aegir_M39_B7	OKKCHLFC_609_6	39
M39	Aegir_M39_B71	OEDHKPFD_80_14	33
M39	Aegir_M39_B71	OEDHKPFD_18_7	34
M39	Aegir_M39_B72	ELFKHDCH_188_2	39
M39	Aegir_M39_B73	HLAJGKCK_275_1	37
M39	Aegir_M39_B75	GOFKCKIN_26_9	40
M39	Aegir_M39_B76	FFMOECEE_231_4	31
M39	Aegir_M39_B77	PCIMOJGB_114_30	43
M39	Aegir_M39_B8	MAHBBFHA_31_8	40
M39	Aegir_M39_B82	DMCDPPBI_541_2	45
M39	Aegir_M39_B84	KCHELPBI_263_5	31
M39	Aegir_M39_B87	DAKCOGMA_68_1	24
M39	Aegir_M39_B90	EHFDCMEE_48_1	32
M39	Aegir_M39_B92	JHHPGEIM_124_3	22
M39	Aegir_M39_B96	LBJGNDLM_58_1	37
M39	Aegir_M39_B97	EBJGJGPE_487_2	41
M39	Aegir_M39_B99	AAIIPECO_18_127	21
M42	SevenSisters_M42_B1	ODHOBCAK_18_1	38
M42	SevenSisters_M42_B1	ODHOBCAK_39_13	31
M42	SevenSisters_M42_B10	HOAEJAAF_51_36	44
M42	SevenSisters_M42_B10	HOAEJAAF_35_4	26
M42	SevenSisters_M42_B10	HOAEJAAF_48_1	18
M42	SevenSisters_M42_B100	GLCJNICL_37_47	32
M42	SevenSisters_M42_B102	JDCFMPNP_82_41	31
M42	SevenSisters_M42_B105	LNHIFBOF_91_5	28
M42	SevenSisters_M42_B107	PCIALCMD_135_7	40
M42	SevenSisters_M42_B108	GKEFNFJJ_191_5	37
M42	SevenSisters_M42_B109	HDAGIOGN_501_3	19
M42	SevenSisters_M42_B111	EEOPACND_278_7	42
M42	SevenSisters_M42_B113	LGAOIKBH_41_8	24
M42	SevenSisters_M42_B113	LGAOIKBH_111_14	22
M42	SevenSisters_M42_B118	ABIMFLDF_43_23	28
M42	SevenSisters_M42_B12	OIOLDIDN_201_2	27
M42	SevenSisters_M42_B120	OHEAOINH_50_13	48
M42	SevenSisters_M42_B121	PJIGDKCP_8_146	37
M42	SevenSisters_M42_B121	PJIGDKCP_9_12	32
M42	SevenSisters_M42_B122	MJHGFBCG_103_18	44
M42	SevenSisters_M42_B122	MJHGFBCG_110_1	33
M42	SevenSisters_M42_B122	MJHGFBCG_160_37	40
M42	SevenSisters_M42_B122	MJHGFBCG_97_1	32
M42	SevenSisters_M42_B125	GAFJMEOH_68_7	29
M42	SevenSisters_M42_B126	DPMDJPGG_785_1	33
M42	SevenSisters_M42_B129	LALGEODK_15_62	42
M42	SevenSisters_M42_B13	IPAJDFGG_237_4	45
M42	SevenSisters_M42_B13	IPAJDFGG_28_4	28
M42	SevenSisters_M42_B130	EAOJADEF_86_2	35
M42	SevenSisters_M42_B130	EAOJADEF_75_2	39
M42	SevenSisters_M42_B132	EENHFHNC_7_21	24
M42	SevenSisters_M42_B134	CDMHADHB_13_2	39
M42	SevenSisters_M42_B134	CDMHADHB_46_28	29
M42	SevenSisters_M42_B136	EJHIJDLC_56_26	34
M42	SevenSisters_M42_B139	JOLIOCDE_30_5	30
M42	SevenSisters_M42_B14	HKJMHKLB_37_26	48
M42	SevenSisters_M42_B14	HKJMHKLB_6_15	21
M42	SevenSisters_M42_B140	AHMCFDPC_20_41	19
M42	SevenSisters_M42_B140	AHMCFDPC_66_33	43
M42	SevenSisters_M42_B142	NLIOJFFK_44_39	43
M42	SevenSisters_M42_B144	LLAKNECE_83_2	29
M42	SevenSisters_M42_B144	LLAKNECE_92_16	20
M42	SevenSisters_M42_B145	BALHDFCL_43_14	26
M42	SevenSisters_M42_B146	BGEJPLBP_11_87	37
M42	SevenSisters_M42_B147	FLBMGKCD_50_47	20
M42	SevenSisters_M42_B15	MBKHLEHK_2_181	21
M42	SevenSisters_M42_B150	AOJKHCPH_36_18	33
M42	SevenSisters_M42_B152	KGPBEPPN_101_4	33
M42	SevenSisters_M42_B154	HGFDKNKO_232_2	29
M42	SevenSisters_M42_B154	HGFDKNKO_69_9	23
M42	SevenSisters_M42_B155	OFGAFGID_228_13	34
M42	SevenSisters_M42_B156	IOIKDEDN_5_14	35
M42	SevenSisters_M42_B2	GGCFKADC_112_11	31
M42	SevenSisters_M42_B2	GGCFKADC_327_1	31
M42	SevenSisters_M42_B2	GGCFKADC_281_11	40
M42	SevenSisters_M42_B20	PBENHFOC_28_3	37
M42	SevenSisters_M42_B22	OPOFEMDE_91_7	39
M42	SevenSisters_M42_B24	AMHNPNDE_87_5	23
M42	SevenSisters_M42_B25	KKKAIPPD_1_144	40
M42	SevenSisters_M42_B25	KKKAIPPD_16_2	39
M42	SevenSisters_M42_B26	OFOCLOHL_62_5	48
M42	SevenSisters_M42_B28	LPLOOJEN_16_16	39
M42	SevenSisters_M42_B28	LPLOOJEN_28_17	40
M42	SevenSisters_M42_B28	LPLOOJEN_13_90	38
M42	SevenSisters_M42_B3	FAHBNHCL_213_13	45
M42	SevenSisters_M42_B3	FAHBNHCL_40_4	40
M42	SevenSisters_M42_B32	FCLKNIGA_197_6	34
M42	SevenSisters_M42_B32	FCLKNIGA_129_4	42
M42	SevenSisters_M42_B32	FCLKNIGA_179_1	41
M42	SevenSisters_M42_B32	FCLKNIGA_72_1	44
M42	SevenSisters_M42_B33	ICCICIKL_53_118	36
M42	SevenSisters_M42_B34	HNGGJNHJ_165_36	31
M42	SevenSisters_M42_B38	PLADLNHJ_235_4	41
M42	SevenSisters_M42_B39	ILHAPEDD_65_25	39
M42	SevenSisters_M42_B4	CIJEKMCO_182_5	33
M42	SevenSisters_M42_B4	CIJEKMCO_620_11	47
M42	SevenSisters_M42_B4	CIJEKMCO_476_2	24
M42	SevenSisters_M42_B41	IADMOHIP_375_1	30
M42	SevenSisters_M42_B44	DINCPFGH_5_20	33
M42	SevenSisters_M42_B45	CGIEBIGP_143_5	29
M42	SevenSisters_M42_B45	CGIEBIGP_9_2	30
M42	SevenSisters_M42_B46	EOJFHDCA_581_1	22
M42	SevenSisters_M42_B46	EOJFHDCA_150_1	34
M42	SevenSisters_M42_B48	GKACCAFP_42_26	38
M42	SevenSisters_M42_B48	GKACCAFP_7_40	59
M42	SevenSisters_M42_B49	AALDIBPL_142_27	46
M42	SevenSisters_M42_B5	NFNJAJMK_113_1	39
M42	SevenSisters_M42_B5	NFNJAJMK_17_1	39
M42	SevenSisters_M42_B51	DPBJAADB_4_10	41
M42	SevenSisters_M42_B51	DPBJAADB_32_2	25
M42	SevenSisters_M42_B51	DPBJAADB_41_1	19
M42	SevenSisters_M42_B55	ALECFFGP_94_4	38
M42	SevenSisters_M42_B56	PBILGAIH_41_11	29
M42	SevenSisters_M42_B59	PJLGNEKC_56_9	32
M42	SevenSisters_M42_B60	CFHKIPKK_145_29	36
M42	SevenSisters_M42_B63	EJEDHMNO_255_1	17
M42	SevenSisters_M42_B65	JIPOEFDI_23_2	30
M42	SevenSisters_M42_B65	JIPOEFDI_98_9	32
M42	SevenSisters_M42_B66	FFNJLNJA_18_67	48
M42	SevenSisters_M42_B66	FFNJLNJA_17_33	32
M42	SevenSisters_M42_B67	DECBAKBH_103_3	41
M42	SevenSisters_M42_B67	DECBAKBH_326_2	33
M42	SevenSisters_M42_B67	DECBAKBH_301_8	34
M42	SevenSisters_M42_B68	AMGCNGIF_35_5	39
M42	SevenSisters_M42_B68	AMGCNGIF_413_1	32
M42	SevenSisters_M42_B70	OKHNMCAF_31_64	27
M42	SevenSisters_M42_B71	JFOHPMHI_2_50	30
M42	SevenSisters_M42_B72	EKNKAGOK_127_1	39
M42	SevenSisters_M42_B72	EKNKAGOK_539_2	31
M42	SevenSisters_M42_B74	CEIMKNJA_125_4	43
M42	SevenSisters_M42_B82	IHCAEKKF_101_9	24
M42	SevenSisters_M42_B83	GPLJCPAO_100_1	33
M42	SevenSisters_M42_B83	GPLJCPAO_22_4	33
M42	SevenSisters_M42_B85	KLKHCHJP_39_1	47
M42	SevenSisters_M42_B86	KKGMKDHN_19_77	48
M42	SevenSisters_M42_B88	BECGIJIG_3_2	26
M42	SevenSisters_M42_B88	BECGIJIG_9_1	26
M42	SevenSisters_M42_B89	IAAIGDBD_705_6	31
M42	SevenSisters_M42_B9	FNJEANDP_364_3	42
M42	SevenSisters_M42_B9	FNJEANDP_214_13	38
M42	SevenSisters_M42_B90	CDDIELDI_355_2	23
M42	SevenSisters_M42_B92	CHIBKKCF_79_3	35
M42	SevenSisters_M42_B92	CHIBKKCF_249_4	18
M42	SevenSisters_M42_B92	CHIBKKCF_287_2	35
M42	SevenSisters_M42_B96	DKFCPLCN_40_41	33
M42	SevenSisters_M42_B99	ODODKDLJ_218_4	36
